Model,R2,RMSE,MAE,AUC,Balanced_Acc,F1
Naive,-0.8046012007699646,0.0290632021781662,0.0206172103931523,0.4935190778214033,0.4935190778214033,0.4612476370510397
LR,-0.0096877745920578,0.0217393418063074,0.0148617953704015,0.5269178495922682,0.52548323769254,0.5073529411764706
ARIMA,0.1519780111348059,0.01992307632878,0.0141595661099613,0.4889761401389308,0.4926759287224403,0.5787234042553191
LSTM,-0.0264967231107897,0.0219195495825643,0.0147455712682356,0.4964575153528642,0.5,0.6369119420989143
GRU,-0.030223950001246,0.0219593086506635,0.0147796431128672,0.5016611295681064,0.5,0.6369119420989143
RF,-0.0241192686140234,0.0218941510888664,0.0151393273125694,0.4966274036041477,0.5000314607872748,0.6314496314496314
Transformer,-0.022918,0.021881,0.01483,0.46197,0.496942,0.630807
Ensemble,0.158531,0.019846,0.014084,0.509275,0.5,0.636912
