Model,R2,RMSE,MAE,AUC,Balanced_Acc,F1
Naive,-0.8046012007699646,0.02906320217816628,0.020617210393152365,0.49351907782140336,0.49351907782140336,0.4612476370510397
LR,-0.00968777459205783,0.021739341806307426,0.014861795370401588,0.5269178495922682,0.52548323769254,0.5073529411764706
ARIMA,0.1519780111348059,0.019923076328780074,0.014159566109961377,0.4889761401389308,0.49267592872244037,0.5787234042553191
LSTM,-0.026496723110789766,0.02191954958256434,0.014745571268235634,0.4964575153528642,0.5,0.6369119420989143
GRU,-0.030223950001246003,0.021959308650663593,0.014779643112867226,0.5016611295681064,0.5,0.6369119420989143
RF,-0.02411926861402347,0.021894151088866436,0.015139327312569425,0.49662740360414775,0.5000314607872748,0.6314496314496314
Transformer,-0.022917739073964327,0.02188130385977799,0.014829624107247115,0.4619702003422934,0.4969420114768952,0.6308068459657702
