Model,R2,RMSE,MAE,AUC,Balanced_Acc,F1
Naive,-0.8046012007699646,0.02906320217816628,0.020617210393152365,0.49351907782140336,0.49351907782140336,0.4612476370510397
LR,-0.00968777459205783,0.021739341806307426,0.014861795370401588,0.5269178495922682,0.52548323769254,0.5073529411764706
ARIMA,0.1519780111348059,0.019923076328780074,0.014159566109961377,0.4889761401389308,0.49267592872244037,0.5787234042553191
LSTM,-0.0024192501046964576,0.021660952057658014,0.014575024312699473,0.5,0.5,0.6369119420989143
GRU,-0.008461654388285611,0.021726138148715952,0.014602860655165298,0.4976089801671197,0.5,0.6369119420989143
RF,-0.02411926861402347,0.021894151088866436,0.015139327312569425,0.49662740360414775,0.5000314607872748,0.6314496314496314
Transformer,-0.0038072266475661642,0.021675943037422096,0.014778105411109355,0.4841437632135307,0.49787325078022754,0.6343825665859564
