Model,R2,RMSE,MAE,AUC,Balanced_Acc,F1
Naive,-0.8046012007699646,0.02906320217816628,0.020617210393152365,0.49351907782140336,0.49351907782140336,0.4612476370510397
LR,-0.00968627999585392,0.021739325716407867,0.014861752496595985,0.5269178495922682,0.52548323769254,0.5073529411764706
ARIMA,0.36274738317581,0.016119246694046047,0.012349323388189077,0.8607085346215781,0.7894524959742351,0.8037383177570093
LSTM,-0.0025254690196356844,0.02166209965227841,0.014680997076955834,0.4957779623477298,0.5,0.6369119420989143
GRU,-0.00334281214482135,0.021670928236448436,0.014577127435227622,0.5,0.5,0.6369119420989143
RF,-0.015416798658454134,0.021800929678257,0.014997378210003597,0.5019883217557637,0.5,0.6369119420989143
Transformer,-0.2760187526745095,0.02443888403078873,0.018468674595905076,0.45575354877680463,0.49039187556629416,0.61003861003861
